{
  "version": "7",
  "dialect": "sqlite",
  "entries": [
    {
      "idx": 0,
      "version": "6",
      "when": 1770684763051,
      "tag": "0000_broken_gunslinger",
      "breakpoints": true
    },
    {
      "idx": 1,
      "version": "6",
      "when": 1770700879658,
      "tag": "0001_youthful_black_crow",
      "breakpoints": true
    },
    {
      "idx": 2,
      "version": "6",
      "when": 1770723752318,
      "tag": "0002_gorgeous_micromacro",
      "breakpoints": true
    },
    {
      "idx": 3,
      "version": "6",
      "when": 1770739318037,
      "tag": "0003_big_speedball",
      "breakpoints": true
    },
    {
      "idx": 4,
      "version": "6",
      "when": 1770740118092,
      "tag": "0004_skinny_sphinx",
      "breakpoints": true
    }
  ]
}